<includes>
	<include name="skinshortcuts-mainmenu">
		<item id="1">
			<property name="id">$NUMBER[1]</property>
			<label>$LOCALIZE[137]</label>
			<label2>$LOCALIZE[137]</label2>
			<icon>shortcuts/search.png</icon>
			<thumb />
			<property name="labelID">137</property>
			<property name="defaultID">137</property>
			<onclick>ActivateWindow(1109,return)</onclick>
			<property name="path">ActivateWindow(1109,return)</property>
			<property name="list">1109</property>
			<onclick>SetProperty(flushWidgetProps,1,Home)</onclick>
			<onclick condition="$EXP[IsKnownMenuEntryPath]">ClearProperty(ShowViewSubMenu,Home)</onclick>
			<onclick condition="$EXP[IsKnownMenuEntryPath]">SetFocus($VAR[MenuEntryOverrideFocus])</onclick>
			<visible>String.IsEqual(System.ProfileName,Master user)</visible>
			<property name="submenuVisibility">num-137</property>
			<property name="group">mainmenu</property>
			<property name="hasSubmenu">False</property>
			</item>
		<item id="2">
			<property name="id">$NUMBER[2]</property>
			<label>$LOCALIZE[10000]</label>
			<label2>$LOCALIZE[10000]</label2>
			<icon>shortcuts/home.png</icon>
			<thumb />
			<property name="labelID">10000</property>
			<property name="defaultID">10000</property>
			<property name="widget">widget1</property>
			<property name="widgetTarget">videos</property>
			<property name="widgetType">video</property>
			<property name="widgetPath">$VAR[DefWidgetContent]</property>
			<property name="widgetName">$VAR[DefWidgetName]</property>
			<property name="widget.1">widget2</property>
			<property name="widgetTarget.1">videos</property>
			<property name="widgetType.1">video</property>
			<property name="widgetPath.1">$VAR[DefWidget1Content]</property>
			<property name="widgetName.1">$VAR[DefWidget1Name]</property>
			<property name="widget.2">widget3</property>
			<property name="widgetTarget.2">videos</property>
			<property name="widgetType.2">tvshows</property>
			<property name="widgetPath.2">$VAR[DefWidget2Content]</property>
			<property name="widgetName.2">$VAR[DefWidget2Name]</property>
			<property name="widget.3">widget4</property>
			<property name="widgetTarget.3">videos</property>
			<property name="widgetType.3">video</property>
			<property name="widgetPath.3">$VAR[DefWidget3Content]</property>
			<property name="widgetName.3">$VAR[DefWidget3Name]</property>
			<property name="widget.4">widget5</property>
			<property name="widgetTarget.4">videos</property>
			<property name="widgetType.4">movies</property>
			<property name="widgetPath.4">$VAR[DefWidget4Content]</property>
			<property name="widgetName.4">$VAR[DefWidget4Name]</property>
			<property name="widget.5">widget6</property>
			<property name="widgetTarget.5">videos</property>
			<property name="widgetType.5">video</property>
			<property name="widgetPath.5">$VAR[DefWidget5Content]</property>
			<property name="widgetName.5">$VAR[DefWidget5Name]</property>
			<onclick>ActivateWindow(home,return)</onclick>
			<property name="path">ActivateWindow(home,return)</property>
			<property name="list">home</property>
			<onclick>SetProperty(flushWidgetProps,1,Home)</onclick>
			<onclick condition="$EXP[IsKnownMenuEntryPath]">ClearProperty(ShowViewSubMenu,Home)</onclick>
			<onclick condition="$EXP[IsKnownMenuEntryPath]">SetFocus($VAR[MenuEntryOverrideFocus])</onclick>
			<visible>String.IsEqual(System.ProfileName,Master user)</visible>
			<property name="submenuVisibility">num-10000</property>
			<property name="group">mainmenu</property>
			<property name="hasSubmenu">False</property>
			</item>
		<item id="3">
			<property name="id">$NUMBER[3]</property>
			<label>$LOCALIZE[31625]</label>
			<label2>$LOCALIZE[31625]</label2>
			<icon>shortcuts/new.png</icon>
			<thumb />
			<property name="labelID">31625</property>
			<property name="defaultID">31625</property>
			<onclick>ActivateWindow(1112,return)</onclick>
			<property name="path">ActivateWindow(1112,return)</property>
			<property name="list">1112</property>
			<onclick>SetProperty(flushWidgetProps,1,Home)</onclick>
			<onclick condition="$EXP[IsKnownMenuEntryPath]">ClearProperty(ShowViewSubMenu,Home)</onclick>
			<onclick condition="$EXP[IsKnownMenuEntryPath]">SetFocus($VAR[MenuEntryOverrideFocus])</onclick>
			<visible>String.IsEqual(System.ProfileName,Master user)</visible>
			<property name="submenuVisibility">num-31625</property>
			<property name="group">mainmenu</property>
			<property name="hasSubmenu">False</property>
			</item>
		<item id="4">
			<property name="id">$NUMBER[4]</property>
			<label>$LOCALIZE[31590]</label>
			<label2>$LOCALIZE[31590]</label2>
			<icon>shortcuts/tv.png</icon>
			<thumb />
			<property name="labelID">31590</property>
			<property name="defaultID">shows</property>
			<onclick>ActivateWindow(1110,return)</onclick>
			<property name="path">ActivateWindow(1110,return)</property>
			<property name="list">1110</property>
			<onclick>SetProperty(flushWidgetProps,1,Home)</onclick>
			<onclick condition="$EXP[IsKnownMenuEntryPath]">ClearProperty(ShowViewSubMenu,Home)</onclick>
			<onclick condition="$EXP[IsKnownMenuEntryPath]">SetFocus($VAR[MenuEntryOverrideFocus])</onclick>
			<visible>String.IsEqual(System.ProfileName,Master user)</visible>
			<property name="submenuVisibility">num-31590</property>
			<property name="group">mainmenu</property>
			<property name="hasSubmenu">True</property>
			</item>
		<item id="5">
			<property name="id">$NUMBER[5]</property>
			<label>$LOCALIZE[342]</label>
			<label2>$LOCALIZE[342]</label2>
			<icon>shortcuts/clapperboard.png</icon>
			<thumb />
			<property name="labelID">movies</property>
			<property name="defaultID">movies</property>
			<onclick>ActivateWindow(1111,return)</onclick>
			<property name="path">ActivateWindow(1111,return)</property>
			<property name="list">1111</property>
			<onclick>SetProperty(flushWidgetProps,1,Home)</onclick>
			<onclick condition="$EXP[IsKnownMenuEntryPath]">ClearProperty(ShowViewSubMenu,Home)</onclick>
			<onclick condition="$EXP[IsKnownMenuEntryPath]">SetFocus($VAR[MenuEntryOverrideFocus])</onclick>
			<visible>String.IsEqual(System.ProfileName,Master user)</visible>
			<property name="submenuVisibility">movies</property>
			<property name="group">mainmenu</property>
			<property name="hasSubmenu">True</property>
			</item>
		<item id="6">
			<property name="id">$NUMBER[6]</property>
			<label>$LOCALIZE[31025]</label>
			<label2>$LOCALIZE[31025]</label2>
			<icon>shortcuts/categories.png</icon>
			<thumb />
			<property name="labelID">31025</property>
			<property name="defaultID">31025</property>
			<onclick>ActivateWindow(1119,return)</onclick>
			<property name="path">ActivateWindow(1119,return)</property>
			<property name="list">1119</property>
			<onclick>SetProperty(flushWidgetProps,1,Home)</onclick>
			<onclick condition="$EXP[IsKnownMenuEntryPath]">ClearProperty(ShowViewSubMenu,Home)</onclick>
			<onclick condition="$EXP[IsKnownMenuEntryPath]">SetFocus($VAR[MenuEntryOverrideFocus])</onclick>
			<visible>String.IsEqual(System.ProfileName,Master user)</visible>
			<property name="submenuVisibility">num-31025</property>
			<property name="group">mainmenu</property>
			<property name="hasSubmenu">False</property>
			</item>
		<item id="7">
			<property name="id">$NUMBER[7]</property>
			<label>$LOCALIZE[31534]</label>
			<label2>$LOCALIZE[31534]</label2>
			<icon>shortcuts/mylist.png</icon>
			<thumb />
			<property name="labelID">31534</property>
			<property name="defaultID">31534</property>
			<onclick>ActivateWindow(1114,return)</onclick>
			<property name="path">ActivateWindow(1114,return)</property>
			<property name="list">1114</property>
			<onclick>SetProperty(flushWidgetProps,1,Home)</onclick>
			<onclick condition="$EXP[IsKnownMenuEntryPath]">ClearProperty(ShowViewSubMenu,Home)</onclick>
			<onclick condition="$EXP[IsKnownMenuEntryPath]">SetFocus($VAR[MenuEntryOverrideFocus])</onclick>
			<visible>String.IsEqual(System.ProfileName,Master user)</visible>
			<property name="submenuVisibility">num-31534</property>
			<property name="group">mainmenu</property>
			<property name="hasSubmenu">False</property>
			</item>
		</include>
	<include />
	<include name="skinshortcuts-submenu">
		<item id="1">
			<property name="id">$NUMBER[1]</property>
			<property name="mainmenuid">4</property>
			<label>$LOCALIZE[31051]</label>
			<label2>Shows</label2>
			<icon>DefaultShortcut.png</icon>
			<thumb />
			<property name="labelID">31051</property>
			<property name="defaultID">369</property>
			<visible>[[Library.HasContent(TVShows)] + [Library.HasContent(Movies) | Library.HasContent(TVShows)]] + String.IsEqual(Container(900).ListItem.Property(submenuVisibility),num-31590)</visible>
			<onclick>ActivateWindow(Videos,videodb://tvshows/titles/,return)</onclick>
			<property name="path">ActivateWindow(Videos,videodb://tvshows/titles/,return)</property>
			<property name="list">videodb://tvshows/titles/</property>
			<visible>String.IsEqual(System.ProfileName,Master user)</visible>
			<property name="group">31590</property>
			<property name="isSubmenu">True</property>
			</item>
		<item id="2">
			<property name="id">$NUMBER[2]</property>
			<property name="mainmenuid">4</property>
			<label>$LOCALIZE[31051]</label>
			<label2>Shows</label2>
			<icon>DefaultShortcut.png</icon>
			<thumb />
			<property name="labelID">31051--0</property>
			<property name="defaultID">369</property>
			<visible>[!Library.HasContent(Movies) + !Library.HasContent(TVShows)] + String.IsEqual(Container(900).ListItem.Property(submenuVisibility),num-31590)</visible>
			<onclick>ActivateWindow(Videos,"plugin://plugin.video.themoviedb.helper/?info=dir_tv&amp;tmdb_type=None&amp;reload=$INFO[Window(Home).Property(TMDbHelper.Widgets.Reload)]",return)</onclick>
			<property name="path">ActivateWindow(Videos,"plugin://plugin.video.themoviedb.helper/?info=dir_tv&amp;tmdb_type=None&amp;reload=$INFO[Window(Home).Property(TMDbHelper.Widgets.Reload)]",return)</property>
			<property name="list">plugin://plugin.video.themoviedb.helper/?info=dir_tv&amp;tmdb_type=None&amp;reload=$INFO[Window(Home).Property(TMDbHelper.Widgets.Reload)]</property>
			<visible>String.IsEqual(System.ProfileName,Master user)</visible>
			<property name="group">31590</property>
			<property name="isSubmenu">True</property>
			</item>
		<item id="3">
			<property name="id">$NUMBER[3]</property>
			<property name="mainmenuid">4</property>
			<label>$LOCALIZE[31101]</label>
			<label2>Shows</label2>
			<icon>DefaultShortcut.png</icon>
			<thumb />
			<property name="labelID">31101</property>
			<property name="defaultID">369</property>
			<visible>[Library.HasContent(Movies) | Library.HasContent(TVShows)] + String.IsEqual(Container(900).ListItem.Property(submenuVisibility),num-31590)</visible>
			<onclick>ActivateWindow(Videos,special://skin/extras/widgetplaylists/recentlyaddedtvshows.xsp,return)</onclick>
			<property name="path">ActivateWindow(Videos,special://skin/extras/widgetplaylists/recentlyaddedtvshows.xsp,return)</property>
			<property name="list">special://skin/extras/widgetplaylists/recentlyaddedtvshows.xsp</property>
			<visible>String.IsEqual(System.ProfileName,Master user)</visible>
			<property name="group">31590</property>
			<property name="isSubmenu">True</property>
			</item>
		<item id="4">
			<property name="id">$NUMBER[4]</property>
			<property name="mainmenuid">4</property>
			<label>$LOCALIZE[20387]</label>
			<label2>Shows</label2>
			<icon>DefaultShortcut.png</icon>
			<thumb />
			<property name="labelID">20387</property>
			<property name="defaultID">20387</property>
			<visible>[Library.HasContent(Movies) | Library.HasContent(TVShows)] + String.IsEqual(Container(900).ListItem.Property(submenuVisibility),num-31590)</visible>
			<onclick>ActivateWindow(Videos,videodb://recentlyaddedepisodes/,return)</onclick>
			<property name="path">ActivateWindow(Videos,videodb://recentlyaddedepisodes/,return)</property>
			<property name="list">videodb://recentlyaddedepisodes/</property>
			<visible>String.IsEqual(System.ProfileName,Master user)</visible>
			<property name="group">31590</property>
			<property name="isSubmenu">True</property>
			</item>
		<item id="5">
			<property name="id">$NUMBER[5]</property>
			<property name="mainmenuid">4</property>
			<label>$LOCALIZE[626]</label>
			<label2>Shows</label2>
			<icon>DefaultShortcut.png</icon>
			<thumb />
			<property name="labelID">626</property>
			<property name="defaultID">626</property>
			<visible>[Library.HasContent(Movies) | Library.HasContent(TVShows)] + String.IsEqual(Container(900).ListItem.Property(submenuVisibility),num-31590)</visible>
			<onclick>ActivateWindow(Videos,videodb://inprogresstvshows/,return)</onclick>
			<property name="path">ActivateWindow(Videos,videodb://inprogresstvshows/,return)</property>
			<property name="list">videodb://inprogresstvshows/</property>
			<visible>String.IsEqual(System.ProfileName,Master user)</visible>
			<property name="group">31590</property>
			<property name="isSubmenu">True</property>
			</item>
		<item id="6">
			<property name="id">$NUMBER[6]</property>
			<property name="mainmenuid">4</property>
			<label>$LOCALIZE[135]</label>
			<label2>Shows</label2>
			<icon>DefaultShortcut.png</icon>
			<thumb />
			<property name="labelID">135</property>
			<property name="defaultID">135</property>
			<visible>[[Library.HasContent(TVShows)] + [Library.HasContent(Movies) | Library.HasContent(TVShows)]] + String.IsEqual(Container(900).ListItem.Property(submenuVisibility),num-31590)</visible>
			<onclick>ActivateWindow(Videos,videodb://tvshows/genres/,return)</onclick>
			<property name="path">ActivateWindow(Videos,videodb://tvshows/genres/,return)</property>
			<property name="list">videodb://tvshows/genres/</property>
			<visible>String.IsEqual(System.ProfileName,Master user)</visible>
			<property name="group">31590</property>
			<property name="isSubmenu">True</property>
			</item>
		<item id="7">
			<property name="id">$NUMBER[7]</property>
			<property name="mainmenuid">4</property>
			<label>$LOCALIZE[135]</label>
			<label2>Shows</label2>
			<icon>DefaultShortcut.png</icon>
			<thumb />
			<property name="labelID">135--0</property>
			<property name="defaultID">135</property>
			<visible>[!Library.HasContent(Movies) + !Library.HasContent(TVShows)] + String.IsEqual(Container(900).ListItem.Property(submenuVisibility),num-31590)</visible>
			<onclick>ActivateWindow(Videos,"plugin://plugin.video.themoviedb.helper/?info=genres&amp;tmdb_type=tv&amp;reload=$INFO[Window(Home).Property(TMDbHelper.Widgets.Reload)]",return)</onclick>
			<property name="path">ActivateWindow(Videos,"plugin://plugin.video.themoviedb.helper/?info=genres&amp;tmdb_type=tv&amp;reload=$INFO[Window(Home).Property(TMDbHelper.Widgets.Reload)]",return)</property>
			<property name="list">plugin://plugin.video.themoviedb.helper/?info=genres&amp;tmdb_type=tv&amp;reload=$INFO[Window(Home).Property(TMDbHelper.Widgets.Reload)]</property>
			<visible>String.IsEqual(System.ProfileName,Master user)</visible>
			<property name="group">31590</property>
			<property name="isSubmenu">True</property>
			</item>
		<item id="8">
			<property name="id">$NUMBER[8]</property>
			<property name="mainmenuid">4</property>
			<label>$LOCALIZE[137]</label>
			<label2>Shows</label2>
			<icon>DefaultShortcut.png</icon>
			<thumb />
			<property name="labelID">137</property>
			<property name="defaultID">137</property>
			<onclick>ActivateWindow(1106,return)</onclick>
			<property name="path">ActivateWindow(1106,return)</property>
			<property name="list">1106</property>
			<visible>[String.IsEqual(System.ProfileName,Master user)] + String.IsEqual(Container(900).ListItem.Property(submenuVisibility),num-31590)</visible>
			<property name="group">31590</property>
			<property name="isSubmenu">True</property>
			</item>
		<item id="1">
			<property name="id">$NUMBER[1]</property>
			<property name="mainmenuid">5</property>
			<label>$LOCALIZE[31050]</label>
			<label2>Movies</label2>
			<icon>DefaultShortcut.png</icon>
			<thumb />
			<property name="labelID">31050</property>
			<property name="defaultID">135</property>
			<visible>[[Library.HasContent(Movies)] + [Library.HasContent(Movies) | Library.HasContent(TVShows)]] + String.IsEqual(Container(900).ListItem.Property(submenuVisibility),movies)</visible>
			<onclick>ActivateWindow(Videos,videodb://movies/titles/,return)</onclick>
			<property name="path">ActivateWindow(Videos,videodb://movies/titles/,return)</property>
			<property name="list">videodb://movies/titles/</property>
			<visible>String.IsEqual(System.ProfileName,Master user)</visible>
			<property name="group">movies</property>
			<property name="isSubmenu">True</property>
			</item>
		<item id="2">
			<property name="id">$NUMBER[2]</property>
			<property name="mainmenuid">5</property>
			<label>$LOCALIZE[31050]</label>
			<label2>Movies</label2>
			<icon>DefaultShortcut.png</icon>
			<thumb />
			<property name="labelID">31050--0</property>
			<property name="defaultID">135</property>
			<visible>[!Library.HasContent(Movies) + !Library.HasContent(TVShows)] + String.IsEqual(Container(900).ListItem.Property(submenuVisibility),movies)</visible>
			<onclick>ActivateWindow(Videos,"plugin://plugin.video.themoviedb.helper/?info=dir_movie&amp;tmdb_type=None&amp;reload=$INFO[Window(Home).Property(TMDbHelper.Widgets.Reload)]",return)</onclick>
			<property name="path">ActivateWindow(Videos,"plugin://plugin.video.themoviedb.helper/?info=dir_movie&amp;tmdb_type=None&amp;reload=$INFO[Window(Home).Property(TMDbHelper.Widgets.Reload)]",return)</property>
			<property name="list">plugin://plugin.video.themoviedb.helper/?info=dir_movie&amp;tmdb_type=None&amp;reload=$INFO[Window(Home).Property(TMDbHelper.Widgets.Reload)]</property>
			<visible>String.IsEqual(System.ProfileName,Master user)</visible>
			<property name="group">movies</property>
			<property name="isSubmenu">True</property>
			</item>
		<item id="3">
			<property name="id">$NUMBER[3]</property>
			<property name="mainmenuid">5</property>
			<label>$LOCALIZE[31127]</label>
			<label2>Movies</label2>
			<icon>DefaultShortcut.png</icon>
			<thumb />
			<property name="labelID">31127</property>
			<property name="defaultID">135</property>
			<visible>[Library.HasContent(Movies) | Library.HasContent(TVShows)] + String.IsEqual(Container(900).ListItem.Property(submenuVisibility),movies)</visible>
			<onclick>ActivateWindow(Videos,videodb://recentlyaddedmovies/,return)</onclick>
			<property name="path">ActivateWindow(Videos,videodb://recentlyaddedmovies/,return)</property>
			<property name="list">videodb://recentlyaddedmovies/</property>
			<visible>String.IsEqual(System.ProfileName,Master user)</visible>
			<property name="group">movies</property>
			<property name="isSubmenu">True</property>
			</item>
		<item id="4">
			<property name="id">$NUMBER[4]</property>
			<property name="mainmenuid">5</property>
			<label>$LOCALIZE[31035]</label>
			<label2>Movies</label2>
			<icon>DefaultShortcut.png</icon>
			<thumb />
			<property name="labelID">31035</property>
			<property name="defaultID">135</property>
			<visible>[Library.HasContent(Movies) | Library.HasContent(TVShows)] + String.IsEqual(Container(900).ListItem.Property(submenuVisibility),movies)</visible>
			<onclick>ActivateWindow(Videos,special://skin/extras/widgetplaylists/inprogressmovies.xsp,return)</onclick>
			<property name="path">ActivateWindow(Videos,special://skin/extras/widgetplaylists/inprogressmovies.xsp,return)</property>
			<property name="list">special://skin/extras/widgetplaylists/inprogressmovies.xsp</property>
			<visible>String.IsEqual(System.ProfileName,Master user)</visible>
			<property name="group">movies</property>
			<property name="isSubmenu">True</property>
			</item>
		<item id="5">
			<property name="id">$NUMBER[5]</property>
			<property name="mainmenuid">5</property>
			<label>$LOCALIZE[16101]</label>
			<label2>Movies</label2>
			<icon>DefaultShortcut.png</icon>
			<thumb />
			<property name="labelID">16101</property>
			<property name="defaultID">135</property>
			<visible>[Library.HasContent(Movies) | Library.HasContent(TVShows)] + String.IsEqual(Container(900).ListItem.Property(submenuVisibility),movies)</visible>
			<onclick>ActivateWindow(Videos,special://skin/extras/widgetplaylists/unwatchedmovies.xsp,return)</onclick>
			<property name="path">ActivateWindow(Videos,special://skin/extras/widgetplaylists/unwatchedmovies.xsp,return)</property>
			<property name="list">special://skin/extras/widgetplaylists/unwatchedmovies.xsp</property>
			<visible>String.IsEqual(System.ProfileName,Master user)</visible>
			<property name="group">movies</property>
			<property name="isSubmenu">True</property>
			</item>
		<item id="6">
			<property name="id">$NUMBER[6]</property>
			<property name="mainmenuid">5</property>
			<label>$LOCALIZE[135]</label>
			<label2>Movies</label2>
			<icon>DefaultShortcut.png</icon>
			<thumb />
			<property name="labelID">135</property>
			<property name="defaultID">135</property>
			<visible>[[Library.HasContent(Movies)] + [Library.HasContent(Movies) | Library.HasContent(TVShows)]] + String.IsEqual(Container(900).ListItem.Property(submenuVisibility),movies)</visible>
			<onclick>ActivateWindow(Videos,videodb://movies/genres/,return)</onclick>
			<property name="path">ActivateWindow(Videos,videodb://movies/genres/,return)</property>
			<property name="list">videodb://movies/genres/</property>
			<visible>String.IsEqual(System.ProfileName,Master user)</visible>
			<property name="group">movies</property>
			<property name="isSubmenu">True</property>
			</item>
		<item id="7">
			<property name="id">$NUMBER[7]</property>
			<property name="mainmenuid">5</property>
			<label>$LOCALIZE[135]</label>
			<label2>Movies</label2>
			<icon>DefaultShortcut.png</icon>
			<thumb />
			<property name="labelID">135--0</property>
			<property name="defaultID">135</property>
			<visible>[!Library.HasContent(Movies) + !Library.HasContent(TVShows)] + String.IsEqual(Container(900).ListItem.Property(submenuVisibility),movies)</visible>
			<onclick>ActivateWindow(Videos,"plugin://plugin.video.themoviedb.helper/?info=genres&amp;tmdb_type=movie&amp;reload=$INFO[Window(Home).Property(TMDbHelper.Widgets.Reload)]",return)</onclick>
			<property name="path">ActivateWindow(Videos,"plugin://plugin.video.themoviedb.helper/?info=genres&amp;tmdb_type=movie&amp;reload=$INFO[Window(Home).Property(TMDbHelper.Widgets.Reload)]",return)</property>
			<property name="list">plugin://plugin.video.themoviedb.helper/?info=genres&amp;tmdb_type=movie&amp;reload=$INFO[Window(Home).Property(TMDbHelper.Widgets.Reload)]</property>
			<visible>String.IsEqual(System.ProfileName,Master user)</visible>
			<property name="group">movies</property>
			<property name="isSubmenu">True</property>
			</item>
		<item id="8">
			<property name="id">$NUMBER[8]</property>
			<property name="mainmenuid">5</property>
			<label>$LOCALIZE[20434]</label>
			<label2>Movies</label2>
			<icon>DefaultShortcut.png</icon>
			<thumb />
			<property name="labelID">20434</property>
			<property name="defaultID">135</property>
			<visible>[[Library.HasContent(MovieSets)] + [Library.HasContent(Movies) | Library.HasContent(TVShows)]] + String.IsEqual(Container(900).ListItem.Property(submenuVisibility),movies)</visible>
			<onclick>ActivateWindow(Videos,videodb://movies/sets/,return)</onclick>
			<property name="path">ActivateWindow(Videos,videodb://movies/sets/,return)</property>
			<property name="list">videodb://movies/sets/</property>
			<visible>String.IsEqual(System.ProfileName,Master user)</visible>
			<property name="group">movies</property>
			<property name="isSubmenu">True</property>
			</item>
		<item id="9">
			<property name="id">$NUMBER[9]</property>
			<property name="mainmenuid">5</property>
			<label>$LOCALIZE[20434]</label>
			<label2>Movies</label2>
			<icon>DefaultShortcut.png</icon>
			<thumb />
			<property name="labelID">20434--0</property>
			<property name="defaultID">135</property>
			<visible>[!Library.HasContent(Movies) + !Library.HasContent(TVShows)] + String.IsEqual(Container(900).ListItem.Property(submenuVisibility),movies)</visible>
			<onclick>ActivateWindow(Videos,"plugin://plugin.video.themoviedb.helper/?info=all_items&amp;tmdb_type=collection&amp;reload=$INFO[Window(Home).Property(TMDbHelper.Widgets.Reload)]",return)</onclick>
			<property name="path">ActivateWindow(Videos,"plugin://plugin.video.themoviedb.helper/?info=all_items&amp;tmdb_type=collection&amp;reload=$INFO[Window(Home).Property(TMDbHelper.Widgets.Reload)]",return)</property>
			<property name="list">plugin://plugin.video.themoviedb.helper/?info=all_items&amp;tmdb_type=collection&amp;reload=$INFO[Window(Home).Property(TMDbHelper.Widgets.Reload)]</property>
			<visible>String.IsEqual(System.ProfileName,Master user)</visible>
			<property name="group">movies</property>
			<property name="isSubmenu">True</property>
			</item>
		<item id="10">
			<property name="id">$NUMBER[10]</property>
			<property name="mainmenuid">5</property>
			<label>$LOCALIZE[137]</label>
			<label2>Movies</label2>
			<icon>DefaultShortcut.png</icon>
			<thumb />
			<property name="labelID">137</property>
			<property name="defaultID">137</property>
			<onclick>ActivateWindow(1108,return)</onclick>
			<property name="path">ActivateWindow(1108,return)</property>
			<property name="list">1108</property>
			<visible>[String.IsEqual(System.ProfileName,Master user)] + String.IsEqual(Container(900).ListItem.Property(submenuVisibility),movies)</visible>
			<property name="group">movies</property>
			<property name="isSubmenu">True</property>
			</item>
		<item id="1">
			<property name="id">$NUMBER[1]</property>
			<property name="mainmenuid">8</property>
			<label>$LOCALIZE[5]</label>
			<label2>Kodi Command</label2>
			<icon>common/settings1.png</icon>
			<thumb />
			<property name="labelID">5</property>
			<property name="defaultID">5</property>
			<onclick condition="Window.IsActive(DialogButtonMenu.xml)">Close</onclick>
			<onclick>ActivateWindow(Settings)</onclick>
			<property name="path">ActivateWindow(Settings)</property>
			<property name="list">Settings</property>
			<visible>[String.IsEqual(System.ProfileName,Master user)] + String.IsEqual(Container(900).ListItem.Property(submenuVisibility),powermenu)</visible>
			<property name="group">powermenu</property>
			<property name="isSubmenu">True</property>
			</item>
		<item id="2">
			<property name="id">$NUMBER[2]</property>
			<property name="mainmenuid">8</property>
			<label>$LOCALIZE[31706]</label>
			<label2>Kodi Command</label2>
			<icon>common/reload-skin.png</icon>
			<thumb />
			<property name="labelID">31706</property>
			<property name="defaultID">31706</property>
			<onclick condition="Window.IsActive(DialogButtonMenu.xml)">Close</onclick>
			<onclick>ReloadSkin()</onclick>
			<property name="path">ReloadSkin()</property>
			<property name="list">ReloadSkin()</property>
			<visible>[String.IsEqual(System.ProfileName,Master user)] + String.IsEqual(Container(900).ListItem.Property(submenuVisibility),powermenu)</visible>
			<property name="group">powermenu</property>
			<property name="isSubmenu">True</property>
			</item>
		<item id="3">
			<property name="id">$NUMBER[3]</property>
			<property name="mainmenuid">8</property>
			<label>$LOCALIZE[31629]</label>
			<label2>Kodi Command</label2>
			<icon>common/exit1.png</icon>
			<thumb />
			<property name="labelID">31629</property>
			<property name="defaultID">13012</property>
			<visible>[System.ShowExitButton] + String.IsEqual(Container(900).ListItem.Property(submenuVisibility),powermenu)</visible>
			<onclick condition="Window.IsActive(DialogButtonMenu.xml)">Close</onclick>
			<onclick>Quit()</onclick>
			<property name="path">Quit()</property>
			<property name="list">Quit()</property>
			<visible>String.IsEqual(System.ProfileName,Master user)</visible>
			<property name="group">powermenu</property>
			<property name="isSubmenu">True</property>
			</item>
		<item id="4">
			<property name="id">$NUMBER[4]</property>
			<property name="mainmenuid">8</property>
			<label>$LOCALIZE[31630]</label>
			<label2>Kodi Command</label2>
			<icon>common/reboot1.png</icon>
			<thumb />
			<property name="labelID">31630</property>
			<property name="defaultID">13013</property>
			<visible>[System.CanReboot] + String.IsEqual(Container(900).ListItem.Property(submenuVisibility),powermenu)</visible>
			<onclick condition="Window.IsActive(DialogButtonMenu.xml)">Close</onclick>
			<onclick>Reset()</onclick>
			<property name="path">Reset()</property>
			<property name="list">Reset()</property>
			<visible>String.IsEqual(System.ProfileName,Master user)</visible>
			<property name="group">powermenu</property>
			<property name="isSubmenu">True</property>
			</item>
		<item id="5">
			<property name="id">$NUMBER[5]</property>
			<property name="mainmenuid">8</property>
			<label>$LOCALIZE[31631]</label>
			<label2>Kodi Command</label2>
			<icon>common/shutdown1.png</icon>
			<thumb />
			<property name="labelID">31631</property>
			<property name="defaultID">13016</property>
			<visible>[System.CanPowerDown] + String.IsEqual(Container(900).ListItem.Property(submenuVisibility),powermenu)</visible>
			<onclick condition="Window.IsActive(DialogButtonMenu.xml)">Close</onclick>
			<onclick>Powerdown()</onclick>
			<property name="path">Powerdown()</property>
			<property name="list">Powerdown()</property>
			<visible>String.IsEqual(System.ProfileName,Master user)</visible>
			<property name="group">powermenu</property>
			<property name="isSubmenu">True</property>
			</item>
		<item id="6">
			<property name="id">$NUMBER[6]</property>
			<property name="mainmenuid">8</property>
			<label>$LOCALIZE[20126]</label>
			<label2>Kodi Command</label2>
			<icon>common/lock.png</icon>
			<thumb />
			<property name="labelID">20126</property>
			<property name="defaultID">20126</property>
			<visible>[[[System.HasLoginScreen | Integer.IsGreater(System.ProfileCount,1)] + System.Loggedon] + [System.HasLoginScreen]] + String.IsEqual(Container(900).ListItem.Property(submenuVisibility),powermenu)</visible>
			<onclick condition="Window.IsActive(DialogButtonMenu.xml)">Close</onclick>
			<onclick>System.LogOff</onclick>
			<property name="path">System.LogOff</property>
			<property name="list">System.LogOff</property>
			<visible>String.IsEqual(System.ProfileName,Master user)</visible>
			<property name="group">powermenu</property>
			<property name="isSubmenu">True</property>
			</item>
		</include>
	<include name="skinshortcuts-group-num-137">
		<description>No items</description>
		</include>
	<include name="skinshortcuts-group-alt-num-137">
		<description>No items</description>
		</include>
	<include name="skinshortcuts-group-num-10000">
		<description>No items</description>
		</include>
	<include name="skinshortcuts-group-alt-num-10000">
		<description>No items</description>
		</include>
	<include name="skinshortcuts-group-num-31625">
		<description>No items</description>
		</include>
	<include name="skinshortcuts-group-alt-num-31625">
		<description>No items</description>
		</include>
	<include name="skinshortcuts-group-num-31590">
		<item id="1">
			<property name="id">$NUMBER[1]</property>
			<property name="mainmenuid">4</property>
			<label>$LOCALIZE[31051]</label>
			<label2>Shows</label2>
			<icon>DefaultShortcut.png</icon>
			<thumb />
			<property name="labelID">31051</property>
			<property name="defaultID">369</property>
			<visible>[Library.HasContent(TVShows)] + [Library.HasContent(Movies) | Library.HasContent(TVShows)]</visible>
			<onclick>ActivateWindow(Videos,videodb://tvshows/titles/,return)</onclick>
			<property name="path">ActivateWindow(Videos,videodb://tvshows/titles/,return)</property>
			<property name="list">videodb://tvshows/titles/</property>
			<visible>String.IsEqual(System.ProfileName,Master user)</visible>
			<property name="group">31590</property>
			<property name="isSubmenu">True</property>
			</item>
		<item id="2">
			<property name="id">$NUMBER[2]</property>
			<property name="mainmenuid">4</property>
			<label>$LOCALIZE[31051]</label>
			<label2>Shows</label2>
			<icon>DefaultShortcut.png</icon>
			<thumb />
			<property name="labelID">31051--0</property>
			<property name="defaultID">369</property>
			<visible>!Library.HasContent(Movies) + !Library.HasContent(TVShows)</visible>
			<onclick>ActivateWindow(Videos,"plugin://plugin.video.themoviedb.helper/?info=dir_tv&amp;tmdb_type=None&amp;reload=$INFO[Window(Home).Property(TMDbHelper.Widgets.Reload)]",return)</onclick>
			<property name="path">ActivateWindow(Videos,"plugin://plugin.video.themoviedb.helper/?info=dir_tv&amp;tmdb_type=None&amp;reload=$INFO[Window(Home).Property(TMDbHelper.Widgets.Reload)]",return)</property>
			<property name="list">plugin://plugin.video.themoviedb.helper/?info=dir_tv&amp;tmdb_type=None&amp;reload=$INFO[Window(Home).Property(TMDbHelper.Widgets.Reload)]</property>
			<visible>String.IsEqual(System.ProfileName,Master user)</visible>
			<property name="group">31590</property>
			<property name="isSubmenu">True</property>
			</item>
		<item id="3">
			<property name="id">$NUMBER[3]</property>
			<property name="mainmenuid">4</property>
			<label>$LOCALIZE[31101]</label>
			<label2>Shows</label2>
			<icon>DefaultShortcut.png</icon>
			<thumb />
			<property name="labelID">31101</property>
			<property name="defaultID">369</property>
			<visible>Library.HasContent(Movies) | Library.HasContent(TVShows)</visible>
			<onclick>ActivateWindow(Videos,special://skin/extras/widgetplaylists/recentlyaddedtvshows.xsp,return)</onclick>
			<property name="path">ActivateWindow(Videos,special://skin/extras/widgetplaylists/recentlyaddedtvshows.xsp,return)</property>
			<property name="list">special://skin/extras/widgetplaylists/recentlyaddedtvshows.xsp</property>
			<visible>String.IsEqual(System.ProfileName,Master user)</visible>
			<property name="group">31590</property>
			<property name="isSubmenu">True</property>
			</item>
		<item id="4">
			<property name="id">$NUMBER[4]</property>
			<property name="mainmenuid">4</property>
			<label>$LOCALIZE[20387]</label>
			<label2>Shows</label2>
			<icon>DefaultShortcut.png</icon>
			<thumb />
			<property name="labelID">20387</property>
			<property name="defaultID">20387</property>
			<visible>Library.HasContent(Movies) | Library.HasContent(TVShows)</visible>
			<onclick>ActivateWindow(Videos,videodb://recentlyaddedepisodes/,return)</onclick>
			<property name="path">ActivateWindow(Videos,videodb://recentlyaddedepisodes/,return)</property>
			<property name="list">videodb://recentlyaddedepisodes/</property>
			<visible>String.IsEqual(System.ProfileName,Master user)</visible>
			<property name="group">31590</property>
			<property name="isSubmenu">True</property>
			</item>
		<item id="5">
			<property name="id">$NUMBER[5]</property>
			<property name="mainmenuid">4</property>
			<label>$LOCALIZE[626]</label>
			<label2>Shows</label2>
			<icon>DefaultShortcut.png</icon>
			<thumb />
			<property name="labelID">626</property>
			<property name="defaultID">626</property>
			<visible>Library.HasContent(Movies) | Library.HasContent(TVShows)</visible>
			<onclick>ActivateWindow(Videos,videodb://inprogresstvshows/,return)</onclick>
			<property name="path">ActivateWindow(Videos,videodb://inprogresstvshows/,return)</property>
			<property name="list">videodb://inprogresstvshows/</property>
			<visible>String.IsEqual(System.ProfileName,Master user)</visible>
			<property name="group">31590</property>
			<property name="isSubmenu">True</property>
			</item>
		<item id="6">
			<property name="id">$NUMBER[6]</property>
			<property name="mainmenuid">4</property>
			<label>$LOCALIZE[135]</label>
			<label2>Shows</label2>
			<icon>DefaultShortcut.png</icon>
			<thumb />
			<property name="labelID">135</property>
			<property name="defaultID">135</property>
			<visible>[Library.HasContent(TVShows)] + [Library.HasContent(Movies) | Library.HasContent(TVShows)]</visible>
			<onclick>ActivateWindow(Videos,videodb://tvshows/genres/,return)</onclick>
			<property name="path">ActivateWindow(Videos,videodb://tvshows/genres/,return)</property>
			<property name="list">videodb://tvshows/genres/</property>
			<visible>String.IsEqual(System.ProfileName,Master user)</visible>
			<property name="group">31590</property>
			<property name="isSubmenu">True</property>
			</item>
		<item id="7">
			<property name="id">$NUMBER[7]</property>
			<property name="mainmenuid">4</property>
			<label>$LOCALIZE[135]</label>
			<label2>Shows</label2>
			<icon>DefaultShortcut.png</icon>
			<thumb />
			<property name="labelID">135--0</property>
			<property name="defaultID">135</property>
			<visible>!Library.HasContent(Movies) + !Library.HasContent(TVShows)</visible>
			<onclick>ActivateWindow(Videos,"plugin://plugin.video.themoviedb.helper/?info=genres&amp;tmdb_type=tv&amp;reload=$INFO[Window(Home).Property(TMDbHelper.Widgets.Reload)]",return)</onclick>
			<property name="path">ActivateWindow(Videos,"plugin://plugin.video.themoviedb.helper/?info=genres&amp;tmdb_type=tv&amp;reload=$INFO[Window(Home).Property(TMDbHelper.Widgets.Reload)]",return)</property>
			<property name="list">plugin://plugin.video.themoviedb.helper/?info=genres&amp;tmdb_type=tv&amp;reload=$INFO[Window(Home).Property(TMDbHelper.Widgets.Reload)]</property>
			<visible>String.IsEqual(System.ProfileName,Master user)</visible>
			<property name="group">31590</property>
			<property name="isSubmenu">True</property>
			</item>
		<item id="8">
			<property name="id">$NUMBER[8]</property>
			<property name="mainmenuid">4</property>
			<label>$LOCALIZE[137]</label>
			<label2>Shows</label2>
			<icon>DefaultShortcut.png</icon>
			<thumb />
			<property name="labelID">137</property>
			<property name="defaultID">137</property>
			<onclick>ActivateWindow(1106,return)</onclick>
			<property name="path">ActivateWindow(1106,return)</property>
			<property name="list">1106</property>
			<visible>String.IsEqual(System.ProfileName,Master user)</visible>
			<property name="group">31590</property>
			<property name="isSubmenu">True</property>
			</item>
		</include>
	<include name="skinshortcuts-group-alt-num-31590">
		<item id="1">
			<property name="id">$NUMBER[1]</property>
			<property name="mainmenuid">4</property>
			<label>$LOCALIZE[31051]</label>
			<label2>Shows</label2>
			<icon>DefaultShortcut.png</icon>
			<thumb />
			<property name="labelID">31051</property>
			<property name="defaultID">369</property>
			<visible>[[Library.HasContent(TVShows)] + [Library.HasContent(Movies) | Library.HasContent(TVShows)]] + String.IsEqual(Window(10000).Property(submenuVisibility),num-31590)</visible>
			<onclick>ActivateWindow(Videos,videodb://tvshows/titles/,return)</onclick>
			<property name="path">ActivateWindow(Videos,videodb://tvshows/titles/,return)</property>
			<property name="list">videodb://tvshows/titles/</property>
			<visible>String.IsEqual(System.ProfileName,Master user)</visible>
			<property name="group">31590</property>
			<property name="isSubmenu">True</property>
			</item>
		<item id="2">
			<property name="id">$NUMBER[2]</property>
			<property name="mainmenuid">4</property>
			<label>$LOCALIZE[31051]</label>
			<label2>Shows</label2>
			<icon>DefaultShortcut.png</icon>
			<thumb />
			<property name="labelID">31051--0</property>
			<property name="defaultID">369</property>
			<visible>[!Library.HasContent(Movies) + !Library.HasContent(TVShows)] + String.IsEqual(Window(10000).Property(submenuVisibility),num-31590)</visible>
			<onclick>ActivateWindow(Videos,"plugin://plugin.video.themoviedb.helper/?info=dir_tv&amp;tmdb_type=None&amp;reload=$INFO[Window(Home).Property(TMDbHelper.Widgets.Reload)]",return)</onclick>
			<property name="path">ActivateWindow(Videos,"plugin://plugin.video.themoviedb.helper/?info=dir_tv&amp;tmdb_type=None&amp;reload=$INFO[Window(Home).Property(TMDbHelper.Widgets.Reload)]",return)</property>
			<property name="list">plugin://plugin.video.themoviedb.helper/?info=dir_tv&amp;tmdb_type=None&amp;reload=$INFO[Window(Home).Property(TMDbHelper.Widgets.Reload)]</property>
			<visible>String.IsEqual(System.ProfileName,Master user)</visible>
			<property name="group">31590</property>
			<property name="isSubmenu">True</property>
			</item>
		<item id="3">
			<property name="id">$NUMBER[3]</property>
			<property name="mainmenuid">4</property>
			<label>$LOCALIZE[31101]</label>
			<label2>Shows</label2>
			<icon>DefaultShortcut.png</icon>
			<thumb />
			<property name="labelID">31101</property>
			<property name="defaultID">369</property>
			<visible>[Library.HasContent(Movies) | Library.HasContent(TVShows)] + String.IsEqual(Window(10000).Property(submenuVisibility),num-31590)</visible>
			<onclick>ActivateWindow(Videos,special://skin/extras/widgetplaylists/recentlyaddedtvshows.xsp,return)</onclick>
			<property name="path">ActivateWindow(Videos,special://skin/extras/widgetplaylists/recentlyaddedtvshows.xsp,return)</property>
			<property name="list">special://skin/extras/widgetplaylists/recentlyaddedtvshows.xsp</property>
			<visible>String.IsEqual(System.ProfileName,Master user)</visible>
			<property name="group">31590</property>
			<property name="isSubmenu">True</property>
			</item>
		<item id="4">
			<property name="id">$NUMBER[4]</property>
			<property name="mainmenuid">4</property>
			<label>$LOCALIZE[20387]</label>
			<label2>Shows</label2>
			<icon>DefaultShortcut.png</icon>
			<thumb />
			<property name="labelID">20387</property>
			<property name="defaultID">20387</property>
			<visible>[Library.HasContent(Movies) | Library.HasContent(TVShows)] + String.IsEqual(Window(10000).Property(submenuVisibility),num-31590)</visible>
			<onclick>ActivateWindow(Videos,videodb://recentlyaddedepisodes/,return)</onclick>
			<property name="path">ActivateWindow(Videos,videodb://recentlyaddedepisodes/,return)</property>
			<property name="list">videodb://recentlyaddedepisodes/</property>
			<visible>String.IsEqual(System.ProfileName,Master user)</visible>
			<property name="group">31590</property>
			<property name="isSubmenu">True</property>
			</item>
		<item id="5">
			<property name="id">$NUMBER[5]</property>
			<property name="mainmenuid">4</property>
			<label>$LOCALIZE[626]</label>
			<label2>Shows</label2>
			<icon>DefaultShortcut.png</icon>
			<thumb />
			<property name="labelID">626</property>
			<property name="defaultID">626</property>
			<visible>[Library.HasContent(Movies) | Library.HasContent(TVShows)] + String.IsEqual(Window(10000).Property(submenuVisibility),num-31590)</visible>
			<onclick>ActivateWindow(Videos,videodb://inprogresstvshows/,return)</onclick>
			<property name="path">ActivateWindow(Videos,videodb://inprogresstvshows/,return)</property>
			<property name="list">videodb://inprogresstvshows/</property>
			<visible>String.IsEqual(System.ProfileName,Master user)</visible>
			<property name="group">31590</property>
			<property name="isSubmenu">True</property>
			</item>
		<item id="6">
			<property name="id">$NUMBER[6]</property>
			<property name="mainmenuid">4</property>
			<label>$LOCALIZE[135]</label>
			<label2>Shows</label2>
			<icon>DefaultShortcut.png</icon>
			<thumb />
			<property name="labelID">135</property>
			<property name="defaultID">135</property>
			<visible>[[Library.HasContent(TVShows)] + [Library.HasContent(Movies) | Library.HasContent(TVShows)]] + String.IsEqual(Window(10000).Property(submenuVisibility),num-31590)</visible>
			<onclick>ActivateWindow(Videos,videodb://tvshows/genres/,return)</onclick>
			<property name="path">ActivateWindow(Videos,videodb://tvshows/genres/,return)</property>
			<property name="list">videodb://tvshows/genres/</property>
			<visible>String.IsEqual(System.ProfileName,Master user)</visible>
			<property name="group">31590</property>
			<property name="isSubmenu">True</property>
			</item>
		<item id="7">
			<property name="id">$NUMBER[7]</property>
			<property name="mainmenuid">4</property>
			<label>$LOCALIZE[135]</label>
			<label2>Shows</label2>
			<icon>DefaultShortcut.png</icon>
			<thumb />
			<property name="labelID">135--0</property>
			<property name="defaultID">135</property>
			<visible>[!Library.HasContent(Movies) + !Library.HasContent(TVShows)] + String.IsEqual(Window(10000).Property(submenuVisibility),num-31590)</visible>
			<onclick>ActivateWindow(Videos,"plugin://plugin.video.themoviedb.helper/?info=genres&amp;tmdb_type=tv&amp;reload=$INFO[Window(Home).Property(TMDbHelper.Widgets.Reload)]",return)</onclick>
			<property name="path">ActivateWindow(Videos,"plugin://plugin.video.themoviedb.helper/?info=genres&amp;tmdb_type=tv&amp;reload=$INFO[Window(Home).Property(TMDbHelper.Widgets.Reload)]",return)</property>
			<property name="list">plugin://plugin.video.themoviedb.helper/?info=genres&amp;tmdb_type=tv&amp;reload=$INFO[Window(Home).Property(TMDbHelper.Widgets.Reload)]</property>
			<visible>String.IsEqual(System.ProfileName,Master user)</visible>
			<property name="group">31590</property>
			<property name="isSubmenu">True</property>
			</item>
		<item id="8">
			<property name="id">$NUMBER[8]</property>
			<property name="mainmenuid">4</property>
			<label>$LOCALIZE[137]</label>
			<label2>Shows</label2>
			<icon>DefaultShortcut.png</icon>
			<thumb />
			<property name="labelID">137</property>
			<property name="defaultID">137</property>
			<onclick>ActivateWindow(1106,return)</onclick>
			<property name="path">ActivateWindow(1106,return)</property>
			<property name="list">1106</property>
			<visible>[String.IsEqual(System.ProfileName,Master user)] + String.IsEqual(Window(10000).Property(submenuVisibility),num-31590)</visible>
			<property name="group">31590</property>
			<property name="isSubmenu">True</property>
			</item>
		</include>
	<include name="skinshortcuts-group-movies">
		<item id="1">
			<property name="id">$NUMBER[1]</property>
			<property name="mainmenuid">5</property>
			<label>$LOCALIZE[31050]</label>
			<label2>Movies</label2>
			<icon>DefaultShortcut.png</icon>
			<thumb />
			<property name="labelID">31050</property>
			<property name="defaultID">135</property>
			<visible>[Library.HasContent(Movies)] + [Library.HasContent(Movies) | Library.HasContent(TVShows)]</visible>
			<onclick>ActivateWindow(Videos,videodb://movies/titles/,return)</onclick>
			<property name="path">ActivateWindow(Videos,videodb://movies/titles/,return)</property>
			<property name="list">videodb://movies/titles/</property>
			<visible>String.IsEqual(System.ProfileName,Master user)</visible>
			<property name="group">movies</property>
			<property name="isSubmenu">True</property>
			</item>
		<item id="2">
			<property name="id">$NUMBER[2]</property>
			<property name="mainmenuid">5</property>
			<label>$LOCALIZE[31050]</label>
			<label2>Movies</label2>
			<icon>DefaultShortcut.png</icon>
			<thumb />
			<property name="labelID">31050--0</property>
			<property name="defaultID">135</property>
			<visible>!Library.HasContent(Movies) + !Library.HasContent(TVShows)</visible>
			<onclick>ActivateWindow(Videos,"plugin://plugin.video.themoviedb.helper/?info=dir_movie&amp;tmdb_type=None&amp;reload=$INFO[Window(Home).Property(TMDbHelper.Widgets.Reload)]",return)</onclick>
			<property name="path">ActivateWindow(Videos,"plugin://plugin.video.themoviedb.helper/?info=dir_movie&amp;tmdb_type=None&amp;reload=$INFO[Window(Home).Property(TMDbHelper.Widgets.Reload)]",return)</property>
			<property name="list">plugin://plugin.video.themoviedb.helper/?info=dir_movie&amp;tmdb_type=None&amp;reload=$INFO[Window(Home).Property(TMDbHelper.Widgets.Reload)]</property>
			<visible>String.IsEqual(System.ProfileName,Master user)</visible>
			<property name="group">movies</property>
			<property name="isSubmenu">True</property>
			</item>
		<item id="3">
			<property name="id">$NUMBER[3]</property>
			<property name="mainmenuid">5</property>
			<label>$LOCALIZE[31127]</label>
			<label2>Movies</label2>
			<icon>DefaultShortcut.png</icon>
			<thumb />
			<property name="labelID">31127</property>
			<property name="defaultID">135</property>
			<visible>Library.HasContent(Movies) | Library.HasContent(TVShows)</visible>
			<onclick>ActivateWindow(Videos,videodb://recentlyaddedmovies/,return)</onclick>
			<property name="path">ActivateWindow(Videos,videodb://recentlyaddedmovies/,return)</property>
			<property name="list">videodb://recentlyaddedmovies/</property>
			<visible>String.IsEqual(System.ProfileName,Master user)</visible>
			<property name="group">movies</property>
			<property name="isSubmenu">True</property>
			</item>
		<item id="4">
			<property name="id">$NUMBER[4]</property>
			<property name="mainmenuid">5</property>
			<label>$LOCALIZE[31035]</label>
			<label2>Movies</label2>
			<icon>DefaultShortcut.png</icon>
			<thumb />
			<property name="labelID">31035</property>
			<property name="defaultID">135</property>
			<visible>Library.HasContent(Movies) | Library.HasContent(TVShows)</visible>
			<onclick>ActivateWindow(Videos,special://skin/extras/widgetplaylists/inprogressmovies.xsp,return)</onclick>
			<property name="path">ActivateWindow(Videos,special://skin/extras/widgetplaylists/inprogressmovies.xsp,return)</property>
			<property name="list">special://skin/extras/widgetplaylists/inprogressmovies.xsp</property>
			<visible>String.IsEqual(System.ProfileName,Master user)</visible>
			<property name="group">movies</property>
			<property name="isSubmenu">True</property>
			</item>
		<item id="5">
			<property name="id">$NUMBER[5]</property>
			<property name="mainmenuid">5</property>
			<label>$LOCALIZE[16101]</label>
			<label2>Movies</label2>
			<icon>DefaultShortcut.png</icon>
			<thumb />
			<property name="labelID">16101</property>
			<property name="defaultID">135</property>
			<visible>Library.HasContent(Movies) | Library.HasContent(TVShows)</visible>
			<onclick>ActivateWindow(Videos,special://skin/extras/widgetplaylists/unwatchedmovies.xsp,return)</onclick>
			<property name="path">ActivateWindow(Videos,special://skin/extras/widgetplaylists/unwatchedmovies.xsp,return)</property>
			<property name="list">special://skin/extras/widgetplaylists/unwatchedmovies.xsp</property>
			<visible>String.IsEqual(System.ProfileName,Master user)</visible>
			<property name="group">movies</property>
			<property name="isSubmenu">True</property>
			</item>
		<item id="6">
			<property name="id">$NUMBER[6]</property>
			<property name="mainmenuid">5</property>
			<label>$LOCALIZE[135]</label>
			<label2>Movies</label2>
			<icon>DefaultShortcut.png</icon>
			<thumb />
			<property name="labelID">135</property>
			<property name="defaultID">135</property>
			<visible>[Library.HasContent(Movies)] + [Library.HasContent(Movies) | Library.HasContent(TVShows)]</visible>
			<onclick>ActivateWindow(Videos,videodb://movies/genres/,return)</onclick>
			<property name="path">ActivateWindow(Videos,videodb://movies/genres/,return)</property>
			<property name="list">videodb://movies/genres/</property>
			<visible>String.IsEqual(System.ProfileName,Master user)</visible>
			<property name="group">movies</property>
			<property name="isSubmenu">True</property>
			</item>
		<item id="7">
			<property name="id">$NUMBER[7]</property>
			<property name="mainmenuid">5</property>
			<label>$LOCALIZE[135]</label>
			<label2>Movies</label2>
			<icon>DefaultShortcut.png</icon>
			<thumb />
			<property name="labelID">135--0</property>
			<property name="defaultID">135</property>
			<visible>!Library.HasContent(Movies) + !Library.HasContent(TVShows)</visible>
			<onclick>ActivateWindow(Videos,"plugin://plugin.video.themoviedb.helper/?info=genres&amp;tmdb_type=movie&amp;reload=$INFO[Window(Home).Property(TMDbHelper.Widgets.Reload)]",return)</onclick>
			<property name="path">ActivateWindow(Videos,"plugin://plugin.video.themoviedb.helper/?info=genres&amp;tmdb_type=movie&amp;reload=$INFO[Window(Home).Property(TMDbHelper.Widgets.Reload)]",return)</property>
			<property name="list">plugin://plugin.video.themoviedb.helper/?info=genres&amp;tmdb_type=movie&amp;reload=$INFO[Window(Home).Property(TMDbHelper.Widgets.Reload)]</property>
			<visible>String.IsEqual(System.ProfileName,Master user)</visible>
			<property name="group">movies</property>
			<property name="isSubmenu">True</property>
			</item>
		<item id="8">
			<property name="id">$NUMBER[8]</property>
			<property name="mainmenuid">5</property>
			<label>$LOCALIZE[20434]</label>
			<label2>Movies</label2>
			<icon>DefaultShortcut.png</icon>
			<thumb />
			<property name="labelID">20434</property>
			<property name="defaultID">135</property>
			<visible>[Library.HasContent(MovieSets)] + [Library.HasContent(Movies) | Library.HasContent(TVShows)]</visible>
			<onclick>ActivateWindow(Videos,videodb://movies/sets/,return)</onclick>
			<property name="path">ActivateWindow(Videos,videodb://movies/sets/,return)</property>
			<property name="list">videodb://movies/sets/</property>
			<visible>String.IsEqual(System.ProfileName,Master user)</visible>
			<property name="group">movies</property>
			<property name="isSubmenu">True</property>
			</item>
		<item id="9">
			<property name="id">$NUMBER[9]</property>
			<property name="mainmenuid">5</property>
			<label>$LOCALIZE[20434]</label>
			<label2>Movies</label2>
			<icon>DefaultShortcut.png</icon>
			<thumb />
			<property name="labelID">20434--0</property>
			<property name="defaultID">135</property>
			<visible>!Library.HasContent(Movies) + !Library.HasContent(TVShows)</visible>
			<onclick>ActivateWindow(Videos,"plugin://plugin.video.themoviedb.helper/?info=all_items&amp;tmdb_type=collection&amp;reload=$INFO[Window(Home).Property(TMDbHelper.Widgets.Reload)]",return)</onclick>
			<property name="path">ActivateWindow(Videos,"plugin://plugin.video.themoviedb.helper/?info=all_items&amp;tmdb_type=collection&amp;reload=$INFO[Window(Home).Property(TMDbHelper.Widgets.Reload)]",return)</property>
			<property name="list">plugin://plugin.video.themoviedb.helper/?info=all_items&amp;tmdb_type=collection&amp;reload=$INFO[Window(Home).Property(TMDbHelper.Widgets.Reload)]</property>
			<visible>String.IsEqual(System.ProfileName,Master user)</visible>
			<property name="group">movies</property>
			<property name="isSubmenu">True</property>
			</item>
		<item id="10">
			<property name="id">$NUMBER[10]</property>
			<property name="mainmenuid">5</property>
			<label>$LOCALIZE[137]</label>
			<label2>Movies</label2>
			<icon>DefaultShortcut.png</icon>
			<thumb />
			<property name="labelID">137</property>
			<property name="defaultID">137</property>
			<onclick>ActivateWindow(1108,return)</onclick>
			<property name="path">ActivateWindow(1108,return)</property>
			<property name="list">1108</property>
			<visible>String.IsEqual(System.ProfileName,Master user)</visible>
			<property name="group">movies</property>
			<property name="isSubmenu">True</property>
			</item>
		</include>
	<include name="skinshortcuts-group-alt-movies">
		<item id="1">
			<property name="id">$NUMBER[1]</property>
			<property name="mainmenuid">5</property>
			<label>$LOCALIZE[31050]</label>
			<label2>Movies</label2>
			<icon>DefaultShortcut.png</icon>
			<thumb />
			<property name="labelID">31050</property>
			<property name="defaultID">135</property>
			<visible>[[Library.HasContent(Movies)] + [Library.HasContent(Movies) | Library.HasContent(TVShows)]] + String.IsEqual(Window(10000).Property(submenuVisibility),movies)</visible>
			<onclick>ActivateWindow(Videos,videodb://movies/titles/,return)</onclick>
			<property name="path">ActivateWindow(Videos,videodb://movies/titles/,return)</property>
			<property name="list">videodb://movies/titles/</property>
			<visible>String.IsEqual(System.ProfileName,Master user)</visible>
			<property name="group">movies</property>
			<property name="isSubmenu">True</property>
			</item>
		<item id="2">
			<property name="id">$NUMBER[2]</property>
			<property name="mainmenuid">5</property>
			<label>$LOCALIZE[31050]</label>
			<label2>Movies</label2>
			<icon>DefaultShortcut.png</icon>
			<thumb />
			<property name="labelID">31050--0</property>
			<property name="defaultID">135</property>
			<visible>[!Library.HasContent(Movies) + !Library.HasContent(TVShows)] + String.IsEqual(Window(10000).Property(submenuVisibility),movies)</visible>
			<onclick>ActivateWindow(Videos,"plugin://plugin.video.themoviedb.helper/?info=dir_movie&amp;tmdb_type=None&amp;reload=$INFO[Window(Home).Property(TMDbHelper.Widgets.Reload)]",return)</onclick>
			<property name="path">ActivateWindow(Videos,"plugin://plugin.video.themoviedb.helper/?info=dir_movie&amp;tmdb_type=None&amp;reload=$INFO[Window(Home).Property(TMDbHelper.Widgets.Reload)]",return)</property>
			<property name="list">plugin://plugin.video.themoviedb.helper/?info=dir_movie&amp;tmdb_type=None&amp;reload=$INFO[Window(Home).Property(TMDbHelper.Widgets.Reload)]</property>
			<visible>String.IsEqual(System.ProfileName,Master user)</visible>
			<property name="group">movies</property>
			<property name="isSubmenu">True</property>
			</item>
		<item id="3">
			<property name="id">$NUMBER[3]</property>
			<property name="mainmenuid">5</property>
			<label>$LOCALIZE[31127]</label>
			<label2>Movies</label2>
			<icon>DefaultShortcut.png</icon>
			<thumb />
			<property name="labelID">31127</property>
			<property name="defaultID">135</property>
			<visible>[Library.HasContent(Movies) | Library.HasContent(TVShows)] + String.IsEqual(Window(10000).Property(submenuVisibility),movies)</visible>
			<onclick>ActivateWindow(Videos,videodb://recentlyaddedmovies/,return)</onclick>
			<property name="path">ActivateWindow(Videos,videodb://recentlyaddedmovies/,return)</property>
			<property name="list">videodb://recentlyaddedmovies/</property>
			<visible>String.IsEqual(System.ProfileName,Master user)</visible>
			<property name="group">movies</property>
			<property name="isSubmenu">True</property>
			</item>
		<item id="4">
			<property name="id">$NUMBER[4]</property>
			<property name="mainmenuid">5</property>
			<label>$LOCALIZE[31035]</label>
			<label2>Movies</label2>
			<icon>DefaultShortcut.png</icon>
			<thumb />
			<property name="labelID">31035</property>
			<property name="defaultID">135</property>
			<visible>[Library.HasContent(Movies) | Library.HasContent(TVShows)] + String.IsEqual(Window(10000).Property(submenuVisibility),movies)</visible>
			<onclick>ActivateWindow(Videos,special://skin/extras/widgetplaylists/inprogressmovies.xsp,return)</onclick>
			<property name="path">ActivateWindow(Videos,special://skin/extras/widgetplaylists/inprogressmovies.xsp,return)</property>
			<property name="list">special://skin/extras/widgetplaylists/inprogressmovies.xsp</property>
			<visible>String.IsEqual(System.ProfileName,Master user)</visible>
			<property name="group">movies</property>
			<property name="isSubmenu">True</property>
			</item>
		<item id="5">
			<property name="id">$NUMBER[5]</property>
			<property name="mainmenuid">5</property>
			<label>$LOCALIZE[16101]</label>
			<label2>Movies</label2>
			<icon>DefaultShortcut.png</icon>
			<thumb />
			<property name="labelID">16101</property>
			<property name="defaultID">135</property>
			<visible>[Library.HasContent(Movies) | Library.HasContent(TVShows)] + String.IsEqual(Window(10000).Property(submenuVisibility),movies)</visible>
			<onclick>ActivateWindow(Videos,special://skin/extras/widgetplaylists/unwatchedmovies.xsp,return)</onclick>
			<property name="path">ActivateWindow(Videos,special://skin/extras/widgetplaylists/unwatchedmovies.xsp,return)</property>
			<property name="list">special://skin/extras/widgetplaylists/unwatchedmovies.xsp</property>
			<visible>String.IsEqual(System.ProfileName,Master user)</visible>
			<property name="group">movies</property>
			<property name="isSubmenu">True</property>
			</item>
		<item id="6">
			<property name="id">$NUMBER[6]</property>
			<property name="mainmenuid">5</property>
			<label>$LOCALIZE[135]</label>
			<label2>Movies</label2>
			<icon>DefaultShortcut.png</icon>
			<thumb />
			<property name="labelID">135</property>
			<property name="defaultID">135</property>
			<visible>[[Library.HasContent(Movies)] + [Library.HasContent(Movies) | Library.HasContent(TVShows)]] + String.IsEqual(Window(10000).Property(submenuVisibility),movies)</visible>
			<onclick>ActivateWindow(Videos,videodb://movies/genres/,return)</onclick>
			<property name="path">ActivateWindow(Videos,videodb://movies/genres/,return)</property>
			<property name="list">videodb://movies/genres/</property>
			<visible>String.IsEqual(System.ProfileName,Master user)</visible>
			<property name="group">movies</property>
			<property name="isSubmenu">True</property>
			</item>
		<item id="7">
			<property name="id">$NUMBER[7]</property>
			<property name="mainmenuid">5</property>
			<label>$LOCALIZE[135]</label>
			<label2>Movies</label2>
			<icon>DefaultShortcut.png</icon>
			<thumb />
			<property name="labelID">135--0</property>
			<property name="defaultID">135</property>
			<visible>[!Library.HasContent(Movies) + !Library.HasContent(TVShows)] + String.IsEqual(Window(10000).Property(submenuVisibility),movies)</visible>
			<onclick>ActivateWindow(Videos,"plugin://plugin.video.themoviedb.helper/?info=genres&amp;tmdb_type=movie&amp;reload=$INFO[Window(Home).Property(TMDbHelper.Widgets.Reload)]",return)</onclick>
			<property name="path">ActivateWindow(Videos,"plugin://plugin.video.themoviedb.helper/?info=genres&amp;tmdb_type=movie&amp;reload=$INFO[Window(Home).Property(TMDbHelper.Widgets.Reload)]",return)</property>
			<property name="list">plugin://plugin.video.themoviedb.helper/?info=genres&amp;tmdb_type=movie&amp;reload=$INFO[Window(Home).Property(TMDbHelper.Widgets.Reload)]</property>
			<visible>String.IsEqual(System.ProfileName,Master user)</visible>
			<property name="group">movies</property>
			<property name="isSubmenu">True</property>
			</item>
		<item id="8">
			<property name="id">$NUMBER[8]</property>
			<property name="mainmenuid">5</property>
			<label>$LOCALIZE[20434]</label>
			<label2>Movies</label2>
			<icon>DefaultShortcut.png</icon>
			<thumb />
			<property name="labelID">20434</property>
			<property name="defaultID">135</property>
			<visible>[[Library.HasContent(MovieSets)] + [Library.HasContent(Movies) | Library.HasContent(TVShows)]] + String.IsEqual(Window(10000).Property(submenuVisibility),movies)</visible>
			<onclick>ActivateWindow(Videos,videodb://movies/sets/,return)</onclick>
			<property name="path">ActivateWindow(Videos,videodb://movies/sets/,return)</property>
			<property name="list">videodb://movies/sets/</property>
			<visible>String.IsEqual(System.ProfileName,Master user)</visible>
			<property name="group">movies</property>
			<property name="isSubmenu">True</property>
			</item>
		<item id="9">
			<property name="id">$NUMBER[9]</property>
			<property name="mainmenuid">5</property>
			<label>$LOCALIZE[20434]</label>
			<label2>Movies</label2>
			<icon>DefaultShortcut.png</icon>
			<thumb />
			<property name="labelID">20434--0</property>
			<property name="defaultID">135</property>
			<visible>[!Library.HasContent(Movies) + !Library.HasContent(TVShows)] + String.IsEqual(Window(10000).Property(submenuVisibility),movies)</visible>
			<onclick>ActivateWindow(Videos,"plugin://plugin.video.themoviedb.helper/?info=all_items&amp;tmdb_type=collection&amp;reload=$INFO[Window(Home).Property(TMDbHelper.Widgets.Reload)]",return)</onclick>
			<property name="path">ActivateWindow(Videos,"plugin://plugin.video.themoviedb.helper/?info=all_items&amp;tmdb_type=collection&amp;reload=$INFO[Window(Home).Property(TMDbHelper.Widgets.Reload)]",return)</property>
			<property name="list">plugin://plugin.video.themoviedb.helper/?info=all_items&amp;tmdb_type=collection&amp;reload=$INFO[Window(Home).Property(TMDbHelper.Widgets.Reload)]</property>
			<visible>String.IsEqual(System.ProfileName,Master user)</visible>
			<property name="group">movies</property>
			<property name="isSubmenu">True</property>
			</item>
		<item id="10">
			<property name="id">$NUMBER[10]</property>
			<property name="mainmenuid">5</property>
			<label>$LOCALIZE[137]</label>
			<label2>Movies</label2>
			<icon>DefaultShortcut.png</icon>
			<thumb />
			<property name="labelID">137</property>
			<property name="defaultID">137</property>
			<onclick>ActivateWindow(1108,return)</onclick>
			<property name="path">ActivateWindow(1108,return)</property>
			<property name="list">1108</property>
			<visible>[String.IsEqual(System.ProfileName,Master user)] + String.IsEqual(Window(10000).Property(submenuVisibility),movies)</visible>
			<property name="group">movies</property>
			<property name="isSubmenu">True</property>
			</item>
		</include>
	<include name="skinshortcuts-group-num-31025">
		<description>No items</description>
		</include>
	<include name="skinshortcuts-group-alt-num-31025">
		<description>No items</description>
		</include>
	<include name="skinshortcuts-group-num-31534">
		<description>No items</description>
		</include>
	<include name="skinshortcuts-group-alt-num-31534">
		<description>No items</description>
		</include>
	<include name="skinshortcuts-group-powermenu">
		<item id="1">
			<property name="id">$NUMBER[1]</property>
			<property name="mainmenuid">8</property>
			<label>$LOCALIZE[5]</label>
			<label2>Kodi Command</label2>
			<icon>common/settings1.png</icon>
			<thumb />
			<property name="labelID">5</property>
			<property name="defaultID">5</property>
			<onclick condition="Window.IsActive(DialogButtonMenu.xml)">Close</onclick>
			<onclick>ActivateWindow(Settings)</onclick>
			<property name="path">ActivateWindow(Settings)</property>
			<property name="list">Settings</property>
			<visible>String.IsEqual(System.ProfileName,Master user)</visible>
			<property name="group">powermenu</property>
			<property name="isSubmenu">True</property>
			</item>
		<item id="2">
			<property name="id">$NUMBER[2]</property>
			<property name="mainmenuid">8</property>
			<label>$LOCALIZE[31706]</label>
			<label2>Kodi Command</label2>
			<icon>common/reload-skin.png</icon>
			<thumb />
			<property name="labelID">31706</property>
			<property name="defaultID">31706</property>
			<onclick condition="Window.IsActive(DialogButtonMenu.xml)">Close</onclick>
			<onclick>ReloadSkin()</onclick>
			<property name="path">ReloadSkin()</property>
			<property name="list">ReloadSkin()</property>
			<visible>String.IsEqual(System.ProfileName,Master user)</visible>
			<property name="group">powermenu</property>
			<property name="isSubmenu">True</property>
			</item>
		<item id="3">
			<property name="id">$NUMBER[3]</property>
			<property name="mainmenuid">8</property>
			<label>$LOCALIZE[31629]</label>
			<label2>Kodi Command</label2>
			<icon>common/exit1.png</icon>
			<thumb />
			<property name="labelID">31629</property>
			<property name="defaultID">13012</property>
			<visible>System.ShowExitButton</visible>
			<onclick condition="Window.IsActive(DialogButtonMenu.xml)">Close</onclick>
			<onclick>Quit()</onclick>
			<property name="path">Quit()</property>
			<property name="list">Quit()</property>
			<visible>String.IsEqual(System.ProfileName,Master user)</visible>
			<property name="group">powermenu</property>
			<property name="isSubmenu">True</property>
			</item>
		<item id="4">
			<property name="id">$NUMBER[4]</property>
			<property name="mainmenuid">8</property>
			<label>$LOCALIZE[31630]</label>
			<label2>Kodi Command</label2>
			<icon>common/reboot1.png</icon>
			<thumb />
			<property name="labelID">31630</property>
			<property name="defaultID">13013</property>
			<visible>System.CanReboot</visible>
			<onclick condition="Window.IsActive(DialogButtonMenu.xml)">Close</onclick>
			<onclick>Reset()</onclick>
			<property name="path">Reset()</property>
			<property name="list">Reset()</property>
			<visible>String.IsEqual(System.ProfileName,Master user)</visible>
			<property name="group">powermenu</property>
			<property name="isSubmenu">True</property>
			</item>
		<item id="5">
			<property name="id">$NUMBER[5]</property>
			<property name="mainmenuid">8</property>
			<label>$LOCALIZE[31631]</label>
			<label2>Kodi Command</label2>
			<icon>common/shutdown1.png</icon>
			<thumb />
			<property name="labelID">31631</property>
			<property name="defaultID">13016</property>
			<visible>System.CanPowerDown</visible>
			<onclick condition="Window.IsActive(DialogButtonMenu.xml)">Close</onclick>
			<onclick>Powerdown()</onclick>
			<property name="path">Powerdown()</property>
			<property name="list">Powerdown()</property>
			<visible>String.IsEqual(System.ProfileName,Master user)</visible>
			<property name="group">powermenu</property>
			<property name="isSubmenu">True</property>
			</item>
		<item id="6">
			<property name="id">$NUMBER[6]</property>
			<property name="mainmenuid">8</property>
			<label>$LOCALIZE[20126]</label>
			<label2>Kodi Command</label2>
			<icon>common/lock.png</icon>
			<thumb />
			<property name="labelID">20126</property>
			<property name="defaultID">20126</property>
			<visible>[[System.HasLoginScreen | Integer.IsGreater(System.ProfileCount,1)] + System.Loggedon] + [System.HasLoginScreen]</visible>
			<onclick condition="Window.IsActive(DialogButtonMenu.xml)">Close</onclick>
			<onclick>System.LogOff</onclick>
			<property name="path">System.LogOff</property>
			<property name="list">System.LogOff</property>
			<visible>String.IsEqual(System.ProfileName,Master user)</visible>
			<property name="group">powermenu</property>
			<property name="isSubmenu">True</property>
			</item>
		</include>
	<include name="skinshortcuts-group-alt-powermenu">
		<item id="1">
			<property name="id">$NUMBER[1]</property>
			<property name="mainmenuid">8</property>
			<label>$LOCALIZE[5]</label>
			<label2>Kodi Command</label2>
			<icon>common/settings1.png</icon>
			<thumb />
			<property name="labelID">5</property>
			<property name="defaultID">5</property>
			<onclick condition="Window.IsActive(DialogButtonMenu.xml)">Close</onclick>
			<onclick>ActivateWindow(Settings)</onclick>
			<property name="path">ActivateWindow(Settings)</property>
			<property name="list">Settings</property>
			<visible>[String.IsEqual(System.ProfileName,Master user)] + String.IsEqual(Window(10000).Property(submenuVisibility),powermenu)</visible>
			<property name="group">powermenu</property>
			<property name="isSubmenu">True</property>
			</item>
		<item id="2">
			<property name="id">$NUMBER[2]</property>
			<property name="mainmenuid">8</property>
			<label>$LOCALIZE[31706]</label>
			<label2>Kodi Command</label2>
			<icon>common/reload-skin.png</icon>
			<thumb />
			<property name="labelID">31706</property>
			<property name="defaultID">31706</property>
			<onclick condition="Window.IsActive(DialogButtonMenu.xml)">Close</onclick>
			<onclick>ReloadSkin()</onclick>
			<property name="path">ReloadSkin()</property>
			<property name="list">ReloadSkin()</property>
			<visible>[String.IsEqual(System.ProfileName,Master user)] + String.IsEqual(Window(10000).Property(submenuVisibility),powermenu)</visible>
			<property name="group">powermenu</property>
			<property name="isSubmenu">True</property>
			</item>
		<item id="3">
			<property name="id">$NUMBER[3]</property>
			<property name="mainmenuid">8</property>
			<label>$LOCALIZE[31629]</label>
			<label2>Kodi Command</label2>
			<icon>common/exit1.png</icon>
			<thumb />
			<property name="labelID">31629</property>
			<property name="defaultID">13012</property>
			<visible>[System.ShowExitButton] + String.IsEqual(Window(10000).Property(submenuVisibility),powermenu)</visible>
			<onclick condition="Window.IsActive(DialogButtonMenu.xml)">Close</onclick>
			<onclick>Quit()</onclick>
			<property name="path">Quit()</property>
			<property name="list">Quit()</property>
			<visible>String.IsEqual(System.ProfileName,Master user)</visible>
			<property name="group">powermenu</property>
			<property name="isSubmenu">True</property>
			</item>
		<item id="4">
			<property name="id">$NUMBER[4]</property>
			<property name="mainmenuid">8</property>
			<label>$LOCALIZE[31630]</label>
			<label2>Kodi Command</label2>
			<icon>common/reboot1.png</icon>
			<thumb />
			<property name="labelID">31630</property>
			<property name="defaultID">13013</property>
			<visible>[System.CanReboot] + String.IsEqual(Window(10000).Property(submenuVisibility),powermenu)</visible>
			<onclick condition="Window.IsActive(DialogButtonMenu.xml)">Close</onclick>
			<onclick>Reset()</onclick>
			<property name="path">Reset()</property>
			<property name="list">Reset()</property>
			<visible>String.IsEqual(System.ProfileName,Master user)</visible>
			<property name="group">powermenu</property>
			<property name="isSubmenu">True</property>
			</item>
		<item id="5">
			<property name="id">$NUMBER[5]</property>
			<property name="mainmenuid">8</property>
			<label>$LOCALIZE[31631]</label>
			<label2>Kodi Command</label2>
			<icon>common/shutdown1.png</icon>
			<thumb />
			<property name="labelID">31631</property>
			<property name="defaultID">13016</property>
			<visible>[System.CanPowerDown] + String.IsEqual(Window(10000).Property(submenuVisibility),powermenu)</visible>
			<onclick condition="Window.IsActive(DialogButtonMenu.xml)">Close</onclick>
			<onclick>Powerdown()</onclick>
			<property name="path">Powerdown()</property>
			<property name="list">Powerdown()</property>
			<visible>String.IsEqual(System.ProfileName,Master user)</visible>
			<property name="group">powermenu</property>
			<property name="isSubmenu">True</property>
			</item>
		<item id="6">
			<property name="id">$NUMBER[6]</property>
			<property name="mainmenuid">8</property>
			<label>$LOCALIZE[20126]</label>
			<label2>Kodi Command</label2>
			<icon>common/lock.png</icon>
			<thumb />
			<property name="labelID">20126</property>
			<property name="defaultID">20126</property>
			<visible>[[[System.HasLoginScreen | Integer.IsGreater(System.ProfileCount,1)] + System.Loggedon] + [System.HasLoginScreen]] + String.IsEqual(Window(10000).Property(submenuVisibility),powermenu)</visible>
			<onclick condition="Window.IsActive(DialogButtonMenu.xml)">Close</onclick>
			<onclick>System.LogOff</onclick>
			<property name="path">System.LogOff</property>
			<property name="list">System.LogOff</property>
			<visible>String.IsEqual(System.ProfileName,Master user)</visible>
			<property name="group">powermenu</property>
			<property name="isSubmenu">True</property>
			</item>
		</include>
	<include name="skinshortcuts-group-searchmenu">
		<description>No items</description>
		</include>
	<include name="skinshortcuts-group-alt-searchmenu">
		<description>No items</description>
		</include>
	<include name="skinshortcuts-template-Widgets">
		<include condition="String.IsEqual(System.ProfileName,Master user)">skinshortcuts-template-Widgets-Master user</include>
		</include>
	<include name="skinshortcuts-template-Widgets-Master user">
		<include content="widget_header_multi" condition="true">
			<param name="widgetid" value="2510" />
			<param name="submenuid" value="num-10000" />
			<param name="widgetName" value="$VAR[DefWidgetName]" />
			</include>
		<include content="widget_base" condition="true">
			<param name="containerType" value="panel" />
			<param name="contentStyle" value="normal" />
			<param name="widgetid" value="2510" />
			<param name="widgetName" value="$VAR[DefWidgetName]" />
			<param name="submenuid" value="num-10000" />
			<param name="widgetTags" value="WidgetTagOverlayAuto" />
			<param name="widgetTarget" value="videos" />
			<param name="widgetPath" value="$VAR[DefWidgetContent]" />
			<param name="widgetStyle" value="widget_layout_default" />
			<param name="widgetSortBy" value="" />
			<param name="widgetSortOrder" value="" />
			<param name="widgetLimit" value="$INFO[Skin.String(WidgetsGlobalLimit)]" />
			<param name="widgetInfoPanel" value="top" />
			</include>
		<include content="widget_header_multi" condition="true">
			<param name="widgetid" value="2520" />
			<param name="submenuid" value="num-10000" />
			<param name="widgetName" value="$VAR[DefWidget1Name]" />
			</include>
		<include content="widget_base" condition="true">
			<param name="containerType" value="panel" />
			<param name="contentStyle" value="normal" />
			<param name="widgetid" value="2520" />
			<param name="widgetName" value="$VAR[DefWidget1Name]" />
			<param name="submenuid" value="num-10000" />
			<param name="widgetTags" value="WidgetTagOverlayAuto" />
			<param name="widgetTarget" value="videos" />
			<param name="widgetPath" value="$VAR[DefWidget1Content]" />
			<param name="widgetStyle" value="widget_layout_default" />
			<param name="widgetSortBy" value="" />
			<param name="widgetSortOrder" value="" />
			<param name="widgetLimit" value="$INFO[Skin.String(WidgetsGlobalLimit)]" />
			<param name="widgetInfoPanel" value="top" />
			</include>
		<include content="widget_header_multi" condition="true">
			<param name="widgetid" value="2530" />
			<param name="submenuid" value="num-10000" />
			<param name="widgetName" value="$VAR[DefWidget2Name]" />
			</include>
		<include content="widget_base" condition="true">
			<param name="containerType" value="panel" />
			<param name="contentStyle" value="normal" />
			<param name="widgetid" value="2530" />
			<param name="widgetName" value="$VAR[DefWidget2Name]" />
			<param name="submenuid" value="num-10000" />
			<param name="widgetTags" value="WidgetTagOverlayAuto" />
			<param name="widgetTarget" value="videos" />
			<param name="widgetPath" value="$VAR[DefWidget2Content]" />
			<param name="widgetStyle" value="widget_layout_default" />
			<param name="widgetSortBy" value="" />
			<param name="widgetSortOrder" value="" />
			<param name="widgetLimit" value="$INFO[Skin.String(WidgetsGlobalLimit)]" />
			<param name="widgetInfoPanel" value="top" />
			</include>
		<include content="widget_header_multi" condition="true">
			<param name="widgetid" value="2540" />
			<param name="submenuid" value="num-10000" />
			<param name="widgetName" value="$VAR[DefWidget3Name]" />
			</include>
		<include content="widget_base" condition="true">
			<param name="containerType" value="panel" />
			<param name="contentStyle" value="normal" />
			<param name="widgetid" value="2540" />
			<param name="widgetName" value="$VAR[DefWidget3Name]" />
			<param name="submenuid" value="num-10000" />
			<param name="widgetTags" value="WidgetTagOverlayAuto" />
			<param name="widgetTarget" value="videos" />
			<param name="widgetPath" value="$VAR[DefWidget3Content]" />
			<param name="widgetStyle" value="widget_layout_default" />
			<param name="widgetSortBy" value="" />
			<param name="widgetSortOrder" value="" />
			<param name="widgetLimit" value="$INFO[Skin.String(WidgetsGlobalLimit)]" />
			<param name="widgetInfoPanel" value="top" />
			</include>
		<include content="widget_header_multi" condition="true">
			<param name="widgetid" value="2550" />
			<param name="submenuid" value="num-10000" />
			<param name="widgetName" value="$VAR[DefWidget4Name]" />
			</include>
		<include content="widget_base" condition="true">
			<param name="containerType" value="panel" />
			<param name="contentStyle" value="normal" />
			<param name="widgetid" value="2550" />
			<param name="widgetName" value="$VAR[DefWidget4Name]" />
			<param name="submenuid" value="num-10000" />
			<param name="widgetTags" value="WidgetTagOverlayAuto" />
			<param name="widgetTarget" value="videos" />
			<param name="widgetPath" value="$VAR[DefWidget4Content]" />
			<param name="widgetStyle" value="widget_layout_default" />
			<param name="widgetSortBy" value="" />
			<param name="widgetSortOrder" value="" />
			<param name="widgetLimit" value="$INFO[Skin.String(WidgetsGlobalLimit)]" />
			<param name="widgetInfoPanel" value="top" />
			</include>
		<include content="widget_header_multi" condition="true">
			<param name="widgetid" value="2560" />
			<param name="submenuid" value="num-10000" />
			<param name="widgetName" value="$VAR[DefWidget5Name]" />
			</include>
		<include content="widget_base" condition="true">
			<param name="containerType" value="panel" />
			<param name="contentStyle" value="normal" />
			<param name="widgetid" value="2560" />
			<param name="widgetName" value="$VAR[DefWidget5Name]" />
			<param name="submenuid" value="num-10000" />
			<param name="widgetTags" value="WidgetTagOverlayAuto" />
			<param name="widgetTarget" value="videos" />
			<param name="widgetPath" value="$VAR[DefWidget5Content]" />
			<param name="widgetStyle" value="widget_layout_default" />
			<param name="widgetSortBy" value="" />
			<param name="widgetSortOrder" value="" />
			<param name="widgetLimit" value="$INFO[Skin.String(WidgetsGlobalLimit)]" />
			<param name="widgetInfoPanel" value="top" />
			</include>
		<include content="widget_header_multi" condition="false">
			<param name="widgetid" value="2570" />
			<param name="submenuid" value="num-10000" />
			<param name="widgetName" value="" />
			</include>
		<include content="widget_base" condition="false">
			<param name="containerType" value="panel" />
			<param name="contentStyle" value="normal" />
			<param name="widgetid" value="2570" />
			<param name="widgetName" value="" />
			<param name="submenuid" value="num-10000" />
			<param name="widgetTags" value="WidgetTagOverlayAuto" />
			<param name="widgetTarget" value="" />
			<param name="widgetPath" value="" />
			<param name="widgetStyle" value="widget_layout_default" />
			<param name="widgetSortBy" value="" />
			<param name="widgetSortOrder" value="" />
			<param name="widgetLimit" value="$INFO[Skin.String(WidgetsGlobalLimit)]" />
			<param name="widgetInfoPanel" value="top" />
			</include>
		<include content="widget_header_multi" condition="false">
			<param name="widgetid" value="2580" />
			<param name="submenuid" value="num-10000" />
			<param name="widgetName" value="" />
			</include>
		<include content="widget_base" condition="false">
			<param name="containerType" value="panel" />
			<param name="contentStyle" value="normal" />
			<param name="widgetid" value="2580" />
			<param name="widgetName" value="" />
			<param name="submenuid" value="num-10000" />
			<param name="widgetTags" value="WidgetTagOverlayAuto" />
			<param name="widgetTarget" value="" />
			<param name="widgetPath" value="" />
			<param name="widgetStyle" value="widget_layout_default" />
			<param name="widgetSortBy" value="" />
			<param name="widgetSortOrder" value="" />
			<param name="widgetLimit" value="$INFO[Skin.String(WidgetsGlobalLimit)]" />
			<param name="widgetInfoPanel" value="top" />
			</include>
		<include content="widget_header_multi" condition="false">
			<param name="widgetid" value="2590" />
			<param name="submenuid" value="num-10000" />
			<param name="widgetName" value="" />
			</include>
		<include content="widget_base" condition="false">
			<param name="containerType" value="panel" />
			<param name="contentStyle" value="normal" />
			<param name="widgetid" value="2590" />
			<param name="widgetName" value="" />
			<param name="submenuid" value="num-10000" />
			<param name="widgetTags" value="WidgetTagOverlayAuto" />
			<param name="widgetTarget" value="" />
			<param name="widgetPath" value="" />
			<param name="widgetStyle" value="widget_layout_default" />
			<param name="widgetSortBy" value="" />
			<param name="widgetSortOrder" value="" />
			<param name="widgetLimit" value="$INFO[Skin.String(WidgetsGlobalLimit)]" />
			<param name="widgetInfoPanel" value="top" />
			</include>
		<include content="widget_header_multi" condition="false">
			<param name="widgetid" value="25100" />
			<param name="submenuid" value="num-10000" />
			<param name="widgetName" value="" />
			</include>
		<include content="widget_base" condition="false">
			<param name="containerType" value="panel" />
			<param name="contentStyle" value="normal" />
			<param name="widgetid" value="25100" />
			<param name="widgetName" value="" />
			<param name="submenuid" value="num-10000" />
			<param name="widgetTags" value="WidgetTagOverlayAuto" />
			<param name="widgetTarget" value="" />
			<param name="widgetPath" value="" />
			<param name="widgetStyle" value="widget_layout_default" />
			<param name="widgetSortBy" value="" />
			<param name="widgetSortOrder" value="" />
			<param name="widgetLimit" value="$INFO[Skin.String(WidgetsGlobalLimit)]" />
			<param name="widgetInfoPanel" value="top" />
			</include>
		</include>
	</includes>
