<?xml version="1.0" encoding="UTF-8" standalone="yes"?>
<addon id="screensaver.bingie.custom" name="Bingie Screensaver" version="1.0.0" provider-name="nicolos68">
    <requires>
        <import addon="skin.bingie.custom" version="1.0.0"/>
    </requires>
    
    <extension point="xbmc.ui.screensaver" library="default.py"/>
    <extension point="xbmc.python.script" library="script.py"/>
    
    <extension point="xbmc.addon.metadata">
        <summary lang="en">Économiseur d'écran Bingie</summary>
        <description lang="en">Économiseur d'écran de style Netflix pour le skin Bingie.</description>
        <assets>
            <icon>icon.png</icon>
            <fanart>fanart.jpg</fanart>
        </assets>
    </extension>
</addon>
