<?xml version="1.0" encoding="utf-8"?>
<!-- BINGIE -->
<addon id="skin.bingie.custom" version="1.0.3" name="Bingie_custom" provider-name="nicolos68">
	<requires>
		<import version="5.17.0" addon="xbmc.gui"/>
		<import addon="script.bingie.helper" version="1.1.2"/>
		<import addon="script.bingie.toolbox" version="1.0.0"/>
		<import addon="script.bingie.widgets" version="1.0.1"/>
		<import addon="script.skinshortcuts" version="2.0.3"/>
		<import addon="resource.images.studios.coloured" version="0.0.23" />
		<import addon="plugin.video.themoviedb.helper" version="5.5.0" />
		<import addon="script.wikipedia" version="0.0.6" />
		<import addon="plugin.program.autocompletion" version="2.1.3" />
	</requires>
	<extension debugging="false" defaultthemename="Textures.xbt" effectslowdown="1" point="xbmc.gui.skin">
        <res aspect="16:9" default="true" folder="1080i" height="1080" width="1920" />
    </extension>
	<extension point="xbmc.addon.metadata">
		<summary lang="en_GB">Skin Kodi avec une présentation comme Netflix.</summary>
		<description>Bingie – La maison de vos films et émissions préférés !</description>
		<platform>all</platform>
		<license>GPL v2.0</license>
		<forum></forum>
		<source></source>
		<assets>
			<icon>resources/icon.png</icon>
			<fanart>resources/fanart.jpg</fanart>			
		</assets>
	</extension>
</addon>
